<?xml version="1.0" encoding="UTF-8"?>
<!DOCTYPE hibernate-mapping PUBLIC
"-//hibernate/hibernate mapping dtd2.0//en"
"http://hibernate.sourceforge.net/hibernate-mapping-3.0.dtd">
<hibernate-mapping>
<class name="mypojo" table="TCS">
<id name="email" column="Email" type="string">
<generator class ="assigned"></generator></id>
<property name="fname" column="First_Name" type="string"/>
<property name="lname" column="Last_Name" type="string"/>
<property name="pnum" column="Phone_Number" type="string"/>
<property name="address" column="Address" type="string"/>
<property name="address2" column="Address_line2" type="string"/>
<property name="city" column="City" type="string"/>
<property name="state" column="State" type="string"/>
<property name="postalcode" column="Postal_Code" type="string"/>
<property name="country" column="Country" type="string"/>
<property name="skill" column="Skill" type="string"/>
<property name="coverletter" column="Cover_Letter" type="string"/>
<property name="company" column="Company" type="string"/>
</class>

<class name="mypojo1" table="contact1">
<id name="email" column="email" type="string">
<generator class ="assigned"></generator></id>
<property name="name" type="string" column="name" />
<property name="message" type="string" column="message" />
</class>

<class name="mypojo2" table="signup1">
<id name="email" column="email" type="string">
<generator class ="assigned"></generator></id>
<property name="firstname" type="string" column="firstname" />
<property name="lastname" type="string" column="lastname" />
<property name="password" type="string" column="password" />
<property name="phonenumber" type="string" column="phonenumber" />
<property name="address" type="string" column="address" />
</class>



</hibernate-mapping>